"chain","alg","ess0","ess1","mcse0","mcse1"
1,"mh",127.384291306366,117.481402806706,